{
    "xgboost": {
        "accuracy": 0.9277777777777778,
        "precision": 0.8947368421052632,
        "recall": 0.8793103448275862,
        "f1_score": 0.8869565217391304,
        "roc_auc": 0.9762577727529678,
        "cross_val_accuracy": 0.933022533022533,
        "feature_importance": {
            "age": 0.07934986799955368,
            "anaemia": 0.05567361041903496,
            "creatinine_phosphokinase": 0.052988532930612564,
            "diabetes": 0.036139000207185745,
            "ejection_fraction": 0.11967121064662933,
            "high_blood_pressure": 0.05325954407453537,
            "platelets": 0.049785733222961426,
            "serum_creatinine": 0.10269399732351303,
            "serum_sodium": 0.05234330892562866,
            "sex": 0.0776907429099083,
            "smoking": 0.03273896872997284,
            "time": 0.2876654863357544
        }
    },
    "random_forest": {
        "accuracy": 0.9111111111111111,
        "precision": 0.8888888888888888,
        "recall": 0.8275862068965517,
        "f1_score": 0.8571428571428571,
        "roc_auc": 0.962408140192199,
        "cross_val_accuracy": 0.9078768453768454,
        "feature_importance": {
            "age": 0.08116000490161966,
            "anaemia": 0.02059362979687483,
            "creatinine_phosphokinase": 0.06356067444222839,
            "diabetes": 0.01757634150332484,
            "ejection_fraction": 0.15896292208950047,
            "high_blood_pressure": 0.017279154506198515,
            "platelets": 0.05492039392601931,
            "serum_creatinine": 0.1480321576233721,
            "serum_sodium": 0.03994661635385077,
            "sex": 0.023639199088805022,
            "smoking": 0.012035290848949956,
            "time": 0.362293614919256
        }
    },
    "logistic_regression": {
        "accuracy": 0.8333333333333334,
        "precision": 0.7592592592592593,
        "recall": 0.7068965517241379,
        "f1_score": 0.7321428571428571,
        "roc_auc": 0.892312040700961,
        "cross_val_accuracy": 0.8325757575757576,
        "feature_importance": {
            "age": 0.5682554077038753,
            "anaemia": 0.0262670419863864,
            "creatinine_phosphokinase": 0.14631911690864505,
            "diabetes": 0.05813441064561791,
            "ejection_fraction": 0.9226115801222663,
            "high_blood_pressure": 0.09130900148660305,
            "platelets": 0.192208281148129,
            "serum_creatinine": 0.7477318871263848,
            "serum_sodium": 0.14638174557523823,
            "sex": 0.2844917745151383,
            "smoking": 0.015782251686296444,
            "time": 1.5823504455938993
        }
    },
    "svm": {
        "accuracy": 0.8777777777777778,
        "precision": 0.8214285714285714,
        "recall": 0.7931034482758621,
        "f1_score": 0.8070175438596491,
        "roc_auc": 0.933295647258338,
        "cross_val_accuracy": 0.866064491064491
    }
}